{
  "n_pairs": 200,
  "SP+LG": {
    "auc": {
      "auc@5.0": 12.545895829796791,
      "recall@5.0": 32.0,
      "auc@10.0": 29.439789398014547,
      "recall@10.0": 56.49999999999999,
      "auc@20.0": 48.16272194758057,
      "recall@20.0": 78.5
    },
    "mean_matches": 142.11
  },
  "DINOv2+LG": {
    "auc": {
      "auc@5.0": 0.9243319749832155,
      "recall@5.0": 2.5,
      "auc@10.0": 2.748573195934296,
      "recall@10.0": 6.5,
      "auc@20.0": 5.71128394007683,
      "recall@20.0": 15.5
    },
    "mean_matches": 25.37
  },
  "per_pair": {
    "errors_sp": [
      4.560121059417725,
      5.724780559539795,
      12.249604225158691,
      7.019397735595703,
      1.7931872606277466,
      2.131848096847534,
      15.319469451904297,
      1.2595874071121216,
      2.656970262527466,
      5.96180534362793,
      3.1089799404144287,
      6.4468584060668945,
      11.953171730041504,
      3.8870065212249756,
      75.52001190185547,
      7.475380897521973,
      1.694543719291687,
      1.324708104133606,
      7.10658073425293,
      15.68768310546875,
      14.819931030273438,
      18.80356216430664,
      2.080836772918701,
      2.834139347076416,
      5.891422748565674,
      8.795623779296875,
      11.682010650634766,
      33.923831939697266,
      36.70586395263672,
      12.110122680664062,
      3.558424711227417,
      9.281734466552734,
      5.705369472503662,
      2.787900924682617,
      1.676314115524292,
      0.4965343773365021,
      16.439624786376953,
      4.315203666687012,
      2.45279860496521,
      2.5416040420532227,
      3.0445899963378906,
      5.184515476226807,
      10.309350967407227,
      17.236392974853516,
      11.19707202911377,
      1.975956678390503,
      3.817160129547119,
      5.8211350440979,
      1.7992885112762451,
      4.873269557952881,
      26.051586151123047,
      0.5706123113632202,
      9.466598510742188,
      2.6374495029449463,
      4.845250129699707,
      12.378683090209961,
      2.5512125492095947,
      64.00381469726562,
      27.63519859313965,
      6.4972734451293945,
      3.4327921867370605,
      5.6017866134643555,
      14.892949104309082,
      6.868727207183838,
      23.426647186279297,
      3.808943510055542,
      34.361228942871094,
      5.575626373291016,
      7.083770275115967,
      4.601598739624023,
      10.901289939880371,
      22.62067413330078,
      3.824488401412964,
      17.462907791137695,
      15.58488655090332,
      6.393104076385498,
      7.884062767028809,
      6.815667152404785,
      4.865746021270752,
      61.717960357666016,
      5.127093315124512,
      1.4472624063491821,
      9.71349048614502,
      6.791884899139404,
      18.90359878540039,
      3.904949903488159,
      13.181600570678711,
      4.98039436340332,
      84.55577850341797,
      36.67511749267578,
      6.326015472412109,
      4.116373062133789,
      14.206598281860352,
      4.804199695587158,
      3.425712823867798,
      2.2079734802246094,
      15.747576713562012,
      75.64118194580078,
      70.94681549072266,
      40.71501922607422,
      80.53050994873047,
      16.99855613708496,
      64.88009643554688,
      12.408900260925293,
      79.57386779785156,
      3.010058879852295,
      46.11178207397461,
      1.3238214254379272,
      16.223188400268555,
      8.618898391723633,
      7.936917304992676,
      19.568918228149414,
      61.43193817138672,
      5.043603420257568,
      6.083860397338867,
      4.146851539611816,
      6.781538963317871,
      6.115486145019531,
      Infinity,
      90.1201400756836,
      21.25403594970703,
      4.095051288604736,
      4.9601731300354,
      2.5137269496917725,
      5.752206325531006,
      44.196292877197266,
      4.916056156158447,
      43.14189147949219,
      11.82573413848877,
      40.919071197509766,
      30.25735855102539,
      67.1255111694336,
      49.972312927246094,
      6.6937479972839355,
      7.709481239318848,
      8.082718849182129,
      11.023070335388184,
      18.471315383911133,
      2.8261160850524902,
      4.702487945556641,
      4.494662284851074,
      5.482263565063477,
      7.4024739265441895,
      0.8052718639373779,
      2.877324104309082,
      7.5297322273254395,
      6.816559314727783,
      10.961277961730957,
      15.992765426635742,
      84.02377319335938,
      3.845932722091675,
      10.699616432189941,
      15.881462097167969,
      22.884361267089844,
      5.444385528564453,
      2.97137451171875,
      3.744131326675415,
      2.6433804035186768,
      3.950618267059326,
      45.172698974609375,
      5.21289587020874,
      7.88792085647583,
      18.294902801513672,
      23.39056968688965,
      2.7997419834136963,
      13.452978134155273,
      68.89922332763672,
      10.510562896728516,
      18.429058074951172,
      75.28661346435547,
      15.938469886779785,
      89.20653533935547,
      20.699386596679688,
      2.3026528358459473,
      12.147619247436523,
      9.638840675354004,
      4.263286113739014,
      10.683638572692871,
      20.601184844970703,
      24.668107986450195,
      5.256392002105713,
      10.309942245483398,
      9.245436668395996,
      1.616889476776123,
      10.403328895568848,
      2.0442092418670654,
      10.003390312194824,
      0.48132652044296265,
      87.99397277832031,
      13.089044570922852,
      5.361217975616455,
      9.610530853271484,
      8.527353286743164,
      4.0453009605407715,
      21.379133224487305,
      12.707124710083008,
      3.700099229812622,
      9.932146072387695,
      61.26670837402344,
      36.589935302734375
    ],