{
  "SP+LG": {
    "hpatches": {
      "illum": {
        "auc@1": 14.284449887975542,
        "recall@1": 36.49122807017544,
        "auc@3": 47.971206673541175,
        "recall@3": 82.45614035087719,
        "auc@5": 63.80220541562252,
        "recall@5": 95.43859649122807,
        "n_pairs": 285,
        "n_valid": 285,
        "median_error": 1.3846898268263717
      },
      "viewpoint": {
        "auc@1": 1.9102816257596609,
        "recall@1": 8.47457627118644,
        "auc@3": 18.588533334046442,
        "recall@3": 47.45762711864407,
        "auc@5": 34.0374140745507,
        "recall@5": 68.13559322033899,
        "n_pairs": 295,
        "n_valid": 294,
        "median_error": 3.170919929174803
      },
      "all": {
        "auc@1": 9.405276676376957,
        "recall@1": 22.24137931034483,
        "auc@3": 33.05072548467899,
        "recall@3": 64.65517241379311,
        "auc@5": 48.588832543328195,
        "recall@5": 81.55172413793103,
        "n_pairs": 580,
        "n_valid": 579,
        "median_error": 2.172039224867022
      }
    }
  },
  "Fusion_gated": {
    "hpatches": {
      "illum": {
        "auc@1": 1.6696520635814405,
        "recall@1": 4.56140350877193,
        "auc@3": 8.593304460647316,
        "recall@3": 17.192982456140353,
        "auc@5": 11.936809831958817,
        "recall@5": 23.157894736842106,
        "n_pairs": 285,
        "n_valid": 98,
        "median_error": 2.9949381684674217
      },
      "viewpoint": {
        "auc@1": 0.0,
        "recall@1": 0.0,
        "auc@3": 0.2976432981358439,
        "recall@3": 0.6779661016949152,
        "auc@5": 0.5050136079793917,
        "recall@5": 1.3559322033898304,
        "n_pairs": 295,
        "n_valid": 13,
        "median_error": 21.64674606931655
      },
      "all": {
        "auc@1": 0.8204324795184663,
        "recall@1": 2.2413793103448274,
        "auc@3": 4.333007676941544,
        "recall@3": 8.793103448275861,
        "auc@5": 6.066624145996306,
        "recall@5": 12.068965517241379,
        "n_pairs": 580,
        "n_valid": 111,
        "median_error": 3.5963222288216423
      }
    }
  }
}