{
  "p1_train": [
    2.2982364644172293,
    1.7242015232456227,
    1.5326012767478823,
    1.4239151713252067,
    1.3063237754938504,
    1.2393292837465804,
    1.1593044602063796,
    1.0900229165020088,
    1.0424945880658925,
    0.9845017834194004,
    0.9291121728252619,
    0.8750305469272037,
    0.8308327079688509,
    0.7828732648771256,
    0.7364005767554045,
    0.6972252255336692,
    0.6601340145524591,
    0.6202726603206247,
    0.587933869327729,
    0.5546481944030771,
    0.5263127689280858,
    0.5025997242812689,
    0.4798992026116078,
    0.46060245820321144,
    0.4463281734334305,
    0.43241480036328234,
    0.4234855947364122,
    0.4161067985588064,
    0.4113984817902868,
    0.4079527645915126
  ],
  "p1_val": [
    1.7346512406071026,
    1.5309666680792968,
    1.5197189316650233,
    1.409243556112051,
    1.267473840340972,
    1.252869342615207,
    1.2026890840629736,
    1.1660894139359395,
    1.1763141368329526,
    1.084869360141456,
    1.079400998701652,
    1.0782646853476763,
    1.0193524140740435,
    1.0499137560774883,
    1.0030798775951069,
    0.9924835124115149,
    0.9577597954620918,
    0.9688265509655078,
    0.968719770287474,
    0.911538802459836,
    0.9301757139588396,
    0.8907009354854624,
    0.9073876962810755,
    0.8955451674138506,
    0.8871543290714423,
    0.9103921740253766,
    0.907986104413867,
    0.907337263263762,
    0.9021965940669179,
    0.9013589853420854
  ],
  "p2_train": [
    0.7040295158963029,
    0.6129060451810558,
    0.5403329235470543,
    0.45167030272850145,
    0.3936435530334711,
    0.36045126067629707,
    0.30417470941320063,
    0.2665402282689077,
    0.21536057185304042,
    0.18234265812692077,
    0.14597998483184105,
    0.12279743048149006,
    0.10271981406937508,
    0.08227528673160123,
    0.06872711470971504,
    0.060049754800905554,
    0.05095847176843866,
    0.04597928254872386,
    0.04341051082982934,
    0.04156006978146858
  ],
  "p2_val": [
    0.8603317925582329,
    0.8323800988619526,
    0.7753757248073816,
    0.7859195869415998,
    0.7696981191945572,
    0.8364446658827365,
    0.820807992828389,
    0.747537510804832,
    0.7599064954556525,
    0.75820626834097,
    0.8286790621063361,
    0.8493271409596006,
    0.9497143154963851,
    1.028130677686228,
    1.1382366565754638,
    1.159493131117585,
    1.265572995225666,
    1.2974305235691523,
    1.3386110373958946,
    1.3707247029144007
  ],
  "config": {
    "strategy": "gated",
    "variant": "vitb14_reg",
    "proj_dim": 128,
    "n_ep1": 30,
    "n_ep2": 20,
    "lr_f": 0.001,
    "lr_lg": 5e-05,
    "max_kp": 1024,
    "resize": 640,
    "seed": 42
  }
}