{
  "vits14_reg": {
    "epoch_losses": [
      4.446066299540885,
      2.805332300646993,
      2.274517894591261
    ],
    "final_loss": 2.274517894591261,
    "input_dim": 384,
    "avg_step_ms": 307.7968463001635,
    "n_params": 22058112
  },
  "vitb14_reg": {
    "epoch_losses": [
      3.9357503868589467,
      2.488510204641611,
      2.067741204428193
    ],
    "final_loss": 2.067741204428193,
    "input_dim": 768,
    "avg_step_ms": 386.50781676273215,
    "n_params": 86583552
  }
}