{
  "SP + LightGlue (full)": {
    "ms": 11.681193165713921,
    "fps": 85.60769313661828
  },
  "DINOv2 extraction only": {
    "ms": 63.640612932310134,
    "fps": 15.713236468410932
  },
  "Projection MLP only": {
    "ms": 0.23415113294807574,
    "fps": 4270.745938358348
  },
  "LightGlue only (GF)": {
    "ms": 19.26448463345878,
    "fps": 51.90899310450219
  },
  "DINOv2 + Proj + LG (full)": {
    "ms": 148.44943133260432,
    "fps": 6.736300644759476
  },
  "hardware": "RTX 3060 11.6GB",
  "n_keypoints": 1024
}