{
  "loss": [
    3.3423279824883045,
    2.385361029275099,
    2.168819637154814,
    1.8994199498133226,
    1.8156716513633728
  ],
  "epoch": [
    1,
    2,
    3,
    4,
    5
  ]
}