{
  "loss": [
    1.583131079601519,
    1.4530138696082915,
    1.3141145784888537,
    1.3068344779163001,
    1.2996680062226575,
    1.2456048589440123,
    1.1732143728483109,
    1.1380478546652995,
    1.1243337362764343,
    1.11045890854251,
    1.0447850887435508,
    0.9995056566211485,
    1.0024111267277485,
    1.0039423886339673,
    0.9890609411166708,
    0.9380843716572567,
    0.9376380741596222,
    0.9036988239095669,
    0.9265329318661844,
    0.889966013816872,
    0.8407044812886402,
    0.8517713681944916,
    0.8585139284551263,
    0.828368080048426,
    0.8096502984342305
  ],
  "auc10": [
    31.872452706098564,
    36.7196135610342,
    39.619506433606155,
    30.595367467403413,
    35.75322171747685
  ],
  "lr": [
    4.9955601389636114e-05,
    4.9822580779575757e-05,
    4.9601463141395496e-05,
    4.92931211253942e-05,
    4.8898771616640955e-05,
    4.8419970932485655e-05,
    4.7858608680485444e-05,
    4.721690030098693e-05,
    4.649737832379534e-05,
    4.570288237343632e-05,
    4.483654796245526e-05,
    4.390179411698176e-05,
    4.29023098833955e-05,
    4.184203976934552e-05,
    4.0725168176580654e-05,
    3.955610288702743e-05,
    3.83394576672886e-05,
    3.708003406021414e-05,
    3.578280243540526e-05,
    3.445288237343632e-05,
    3.309552246120924e-05,
    3.171607957817882e-05,
    3.031999775519686e-05,
    2.8912786689409562e-05,
    2.7500000000000008e-05
  ]
}