{
  "week": 2,
  "baseline": {
    "megadepth": {
      "auc@10": 68.0,
      "auc@20": 80.8,
      "auc@5": 50.6
    },
    "hpatches": {
      "auc@1": 35.2,
      "auc@3": 67.2,
      "auc@5": 77.6
    }
  },
  "exp2_1": {
    "loss": [
      3.3423279824883045,
      2.385361029275099,
      2.168819637154814,
      1.8994199498133226,
      1.8156716513633728
    ],
    "epoch": [
      1,
      2,
      3,
      4,
      5
    ]
  },
  "exp2_2_ablation": {
    "linear": {
      "epoch_losses": [
        3.7877813937680034,
        2.490254084535893,
        2.1729514894869504
      ],
      "final_loss": 2.1729514894869504
    },
    "mlp1": {
      "epoch_losses": [
        3.7386658247685274,
        2.3971930334232,
        2.0144918901008246
      ],
      "final_loss": 2.0144918901008246
    },
    "mlp2": {
      "epoch_losses": [
        3.639486428875251,
        2.434779176776041,
        2.038312871184125
      ],
      "final_loss": 2.038312871184125
    }
  },
  "exp2_3_backbone": {
    "vits14_reg": {
      "epoch_losses": [
        4.446066299540885,
        2.805332300646993,
        2.274517894591261
      ],
      "final_loss": 2.274517894591261,
      "input_dim": 384,
      "avg_step_ms": 307.7968463001635,
      "n_params": 22058112
    },
    "vitb14_reg": {
      "epoch_losses": [
        3.9357503868589467,
        2.488510204641611,
        2.067741204428193
      ],
      "final_loss": 2.067741204428193,
      "input_dim": 768,
      "avg_step_ms": 386.50781676273215,
      "n_params": 86583552
    }
  },
  "decisions": {
    "best_projection": "mlp1",
    "best_backbone": "vitb14_reg",
    "proceed_to_week3": true
  }
}