{
  "linear": {
    "epoch_losses": [
      3.7877813937680034,
      2.490254084535893,
      2.1729514894869504
    ],
    "final_loss": 2.1729514894869504
  },
  "mlp1": {
    "epoch_losses": [
      3.7386658247685274,
      2.3971930334232,
      2.0144918901008246
    ],
    "final_loss": 2.0144918901008246
  },
  "mlp2": {
    "epoch_losses": [
      3.639486428875251,
      2.434779176776041,
      2.038312871184125
    ],
    "final_loss": 2.038312871184125
  }
}